patch1-Lang-55-SketchFix.patch,D_correct,OK
patch1-Lang-6-SketchFix.patch,D_correct,OK
patch1-Lang-59-SketchFix.patch,D_correct,OK
patch3-Lang-55-SketchFix.patch,D_correct,OK
patch2-Lang-55-SketchFix.patch,D_correct,OK
patch1-Closure-14-SketchFix.patch,D_correct,OK
patch1-Closure-126-SketchFix.patch,D_correct,OK
patch1-Chart-20-SketchFix.patch,D_correct,OK
patch1-Chart-24-SketchFix.patch,D_correct,OK
patch1-Chart-9-SketchFix.patch,D_correct,OK
patch1-Chart-8-SketchFix.patch,D_correct,OK
patch1-Chart-1-SketchFix.patch,D_correct,OK
patch1-Chart-11-SketchFix.patch,D_correct,OK
patch1-Math-50-SketchFix.patch,D_correct,OK
patch1-Math-5-SketchFix.patch,D_correct,OK
patch1-Math-33-SketchFix.patch,D_correct,OK
patch1-Math-70-SketchFix.patch,D_correct,OK
patch1-Math-59-SketchFix.patch,D_correct,OK
patch1-Math-82-SketchFix.patch,D_correct,OK
patch1-Lang-7-ACS.patch,D_correct,OK
patch1-Lang-35-ACS.patch,D_correct,OK
patch1-Lang-24-ACS.patch,D_correct,OK
patch1-Time-15-ACS.patch,D_correct,OK
patch1-Chart-14-ACS.patch,D_correct,OK
patch1-Chart-14-ACS.patch,D_correct,OK
patch1-Chart-19-ACS.patch,D_correct,OK
patch1-Math-35-ACS.patch,D_correct,OK
patch1-Math-3-ACS.patch,D_correct,OK
patch1-Math-89-ACS.patch,D_correct,OK
patch1-Math-61-ACS.patch,D_correct,OK
patch1-Math-4-ACS.patch,D_correct,OK
patch1-Math-4-ACS.patch,D_correct,OK
patch1-Math-99-ACS.patch,D_correct,OK
patch1-Math-93-ACS.patch,D_correct,OK
patch1-Math-5-ACS.patch,D_correct,OK
patch1-Math-82-ACS.patch,D_correct,OK
patch1-Math-90-ACS.patch,D_correct,OK
patch1-Math-25-ACS.patch,D_correct,OK
patch1-Math-85-ACS.patch,D_correct,OK
patch2-Lang-51-Jaid.patch,D_correct,OK
patch2-Lang-38-Jaid.patch,D_correct,OK
patch1-Lang-33-Jaid.patch,D_correct,OK
patch1-Lang-51-Jaid.patch,D_correct,OK
patch3-Lang-38-Jaid.patch,D_correct,OK
patch2-Lang-33-Jaid.patch,D_correct,OK
patch1-Lang-38-Jaid.patch,D_correct,OK
patch1-Lang-45-Jaid.patch,D_correct,OK
patch6-Lang-51-Jaid.patch,D_correct,OK
patch3-Lang-51-Jaid.patch,D_correct,OK
patch1-Lang-55-Jaid.patch,D_correct,OK
patch4-Lang-51-Jaid.patch,D_correct,OK
patch4-Lang-38-Jaid.patch,D_correct,OK
patch5-Lang-51-Jaid.patch,D_correct,OK
patch1-Closure-40-Jaid.patch,D_correct,OK
patch1-Closure-33-Jaid.patch,D_correct,OK
patch1-Closure-126-Jaid.patch,D_correct,OK
patch1-Closure-18-Jaid.patch,D_correct,OK
patch1-Closure-70-Jaid.patch,D_correct,OK
patch1-Closure-63-Jaid.patch,D_correct,OK
patch1-Closure-73-Jaid.patch,D_correct,OK
patch1-Closure-62-Jaid.patch,D_correct,OK
patch1-Closure-31-Jaid.patch,D_correct,OK
patch1-Chart-1-Jaid.patch,D_correct,OK
patch2-Chart-9-Jaid.patch,D_correct,OK
patch1-Chart-26-Jaid.patch,D_correct,OK
patch1-Chart-24-Jaid.patch,D_correct,OK
patch1-Chart-9-Jaid.patch,D_correct,OK
patch2-Chart-26-Jaid.patch,D_correct,OK
patch2-Chart-24-Jaid.patch,D_correct,OK
patch2-Math-5-Jaid.patch,D_correct,OK
patch1-Math-85-Jaid.patch,D_correct,OK
patch1-Math-80-Jaid.patch,D_correct,OK
patch2-Math-53-Jaid.patch,D_correct,OK
patch1-Math-53-Jaid.patch,D_correct,OK
patch2-Math-80-Jaid.patch,D_correct,OK
patch1-Math-82-Jaid.patch,D_correct,OK
patch1-Math-5-Jaid.patch,D_correct,OK
patch3-Math-5-Jaid.patch,D_correct,OK
patch1-Math-32-Jaid.patch,D_correct,OK
patch1-Math-50-Jaid.patch,D_correct,OK
patch1-Lang-38-Elixir.patch,D_correct,OK
patch1-Lang-6-Elixir.patch,D_correct,OK
patch1-Lang-24-Elixir.patch,D_correct,OK
patch1-Lang-57-Elixir.patch,D_correct,OK
patch1-Lang-59-Elixir.patch,D_correct,OK
patch1-Lang-33-Elixir.patch,D_correct,OK
patch1-Lang-26-Elixir.patch,D_correct,OK
patch1-Time-15-Elixir.patch,D_correct,OK
patch1-Time-4-Elixir.patch,D_correct,OK
patch1-Chart-11-Elixir.patch,D_correct,OK
patch1-Chart-8-Elixir.patch,D_correct,OK
patch1-Chart-1-Elixir.patch,D_correct,OK
patch1-Chart-9-Elixir.patch,D_correct,OK
patch1-Math-70-Elixir.patch,D_correct,OK
patch1-Math-50-Elixir.patch,D_correct,OK
patch1-Math-85-Elixir.patch,D_correct,OK
patch1-Math-75-Elixir.patch,D_correct,OK
patch1-Math-58-Elixir.patch,D_correct,OK
patch1-Math-34-Elixir.patch,D_correct,OK
patch1-Math-82-Elixir.patch,D_correct,OK
patch1-Math-33-Elixir.patch,D_correct,OK
patch1-Math-5-Elixir.patch,D_correct,OK
patch1-Math-57-Elixir.patch,D_correct,OK
patch1-Math-30-Elixir.patch,D_correct,OK
patch1-Math-59-Elixir.patch,D_correct,OK
patch1-Lang-24-DeepRepair.patch,D_correct,OK
patch1-Lang-10-DeepRepair.patch,D_correct,OK
patch1-Lang-22-DeepRepair.patch,D_correct,OK
patch1-Lang-7-DeepRepair.patch,D_correct,OK
patch1-Math-22-DeepRepair.patch,D_correct,OK
patch1-Lang-27-SimFix.patch,D_correct,OK
patch1-Lang-58-SimFix.patch,D_correct,OK
patch1-Lang-16-SimFix.patch,D_correct,OK
patch1-Lang-60-SimFix.patch,D_correct,OK
patch1-Lang-50-SimFix.patch,D_correct,OK
patch1-Lang-33-SimFix.patch,D_correct,OK
patch1-Lang-41-SimFix.patch,D_correct,OK
patch1-Lang-43-SimFix.patch,D_correct,OK
patch1-Lang-39-SimFix.patch,D_correct,OK
patch1-Time-7-SimFix.patch,D_correct,OK
patch1-Closure-115-SimFix.patch,D_correct,OK
patch1-Closure-57-SimFix.patch,D_correct,OK
patch1-Closure-14-SimFix.patch,D_correct,OK
patch1-Closure-73-SimFix.patch,D_correct,OK
patch1-Closure-62-SimFix.patch,D_correct,OK
patch1-Closure-63-SimFix.patch,D_correct,OK
patch1-Chart-1-SimFix.patch,D_correct,OK
patch1-Chart-20-SimFix.patch,D_correct,OK
patch1-Chart-7-SimFix.patch,D_correct,OK
patch1-Chart-3-SimFix.patch,D_correct,OK
patch1-Math-98-SimFix.patch,D_correct,OK
patch1-Math-98-SimFix.patch,D_correct,OK
patch1-Math-70-SimFix.patch,D_correct,OK
patch1-Math-5-SimFix.patch,D_correct,OK
patch1-Math-50-SimFix.patch,D_correct,OK
patch1-Math-71-SimFix.patch,D_correct,OK
patch1-Math-71-SimFix.patch,D_correct,OK
patch1-Math-35-SimFix.patch,D_correct,OK
patch1-Math-75-SimFix.patch,D_correct,OK
patch1-Math-57-SimFix.patch,D_correct,OK
patch1-Math-33-SimFix.patch,D_correct,OK
patch1-Math-53-SimFix.patch,D_correct,OK
patch1-Math-41-SimFix.patch,D_correct,OK
patch1-Math-59-SimFix.patch,D_correct,OK
patch1-Math-63-SimFix.patch,D_correct,OK
patch1-Math-79-SimFix.patch,D_correct,OK
patch1-Lang-6-ssFix.patch,D_correct,OK
patch1-Lang-33-ssFix.patch,D_correct,OK
patch1-Lang-59-ssFix.patch,D_correct,OK
patch1-Lang-43-ssFix.patch,D_correct,OK
patch1-Lang-21-ssFix.patch,D_correct,OK
patch1-Closure-14-ssFix.patch,D_correct,OK
patch1-Chart-24-ssFix.patch,D_correct,OK
patch1-Chart-20-ssFix.patch,D_correct,OK
patch1-Math-80-ssFix.patch,D_correct,OK
patch1-Math-33-ssFix.patch,D_correct,OK
patch1-Math-53-ssFix.patch,D_correct,OK
patch1-Math-41-ssFix.patch,D_correct,OK
patch1-Math-59-ssFix.patch,D_correct,OK
patch1-Math-70-ssFix.patch,D_correct,OK
patch1-Math-50-ssFix.patch,D_correct,OK
patch1-Lang-57-HDRepair.patch,D_correct,OK
patch1-Time-19-HDRepair.patch,D_correct,OK
patch1-Math-22-HDRepair.patch,D_correct,OK
patch1-Math-34-HDRepair.patch,D_correct,OK
patch1-Math-70-HDRepair.patch,D_correct,OK
patch1-Lang-6-SOFix.patch,D_correct,OK
patch1-Lang-51-SOFix.patch,D_correct,OK
patch1-Lang-59-SOFix.patch,D_correct,OK
patch1-Time-19-SOFix.patch,D_correct,OK
patch1-Chart-24-SOFix.patch,D_correct,OK
patch1-Chart-26-SOFix.patch,D_correct,OK
patch1-Chart-4-SOFix.patch,D_correct,OK
patch1-Chart-11-SOFix.patch,D_correct,OK
patch1-Chart-1-SOFix.patch,D_correct,OK
patch1-Math-82-SOFix.patch,D_correct,OK
patch1-Math-75-SOFix.patch,D_correct,OK
patch1-Math-57-SOFix.patch,D_correct,OK
patch1-Math-2-SOFix.patch,D_correct,OK
patch1-Math-50-SOFix.patch,D_correct,OK
patch1-Math-80-SOFix.patch,D_correct,OK
patch1-Math-34-SOFix.patch,D_correct,OK
patch1-Math-33-SOFix.patch,D_correct,OK
patch1-Math-85-SOFix.patch,D_correct,OK
patch1-Math-70-SOFix.patch,D_correct,OK
patch1-Math-58-SOFix.patch,D_correct,OK
patch1-Math-59-SOFix.patch,D_correct,OK
patch1-Math-5-SOFix.patch,D_correct,OK
patch1-Lang-6-CapGen.patch,D_correct,OK
patch2-Lang-57-CapGen.patch,D_correct,OK
patch3-Lang-57-CapGen.patch,D_correct,OK
patch3-Lang-43-CapGen.patch,D_correct,OK
patch1-Lang-59-CapGen.patch,D_correct,OK
patch1-Lang-43-CapGen.patch,D_correct,OK
patch2-Lang-43-CapGen.patch,D_correct,OK
patch1-Lang-57-CapGen.patch,D_correct,OK
patch1-Lang-26-CapGen.patch,D_correct,OK
patch1-Chart-1-CapGen.patch,D_correct,OK
patch1-Chart-24-CapGen.patch,D_correct,OK
patch1-Chart-11-CapGen.patch,D_correct,OK
patch2-Chart-11-CapGen.patch,D_correct,OK
patch1-Chart-8-CapGen.patch,D_correct,OK
patch1-Math-80-CapGen.patch,D_correct,OK
patch1-Math-58-CapGen.patch,D_correct,OK
patch1-Math-85-CapGen.patch,D_correct,OK
patch1-Math-75-CapGen.patch,D_correct,OK
patch1-Math-5-CapGen.patch,D_correct,OK
patch1-Math-59-CapGen.patch,D_correct,OK
patch1-Math-63-CapGen.patch,D_correct,OK
patch1-Math-57-CapGen.patch,D_correct,OK
patch2-Math-53-CapGen.patch,D_correct,OK
patch1-Math-33-CapGen.patch,D_correct,OK
patch1-Math-30-CapGen.patch,D_correct,OK
patch1-Math-70-CapGen.patch,D_correct,OK
patch1-Math-53-CapGen.patch,D_correct,OK
patch1-Math-65-CapGen.patch,D_correct,OK
patch1-Math-73-JGenProg2015.patch,D_correct,OK
patch1-Math-50-JGenProg2015.patch,D_correct,OK
patch1-Math-53-JGenProg2015.patch,D_correct,OK
patch1-Math-70-JGenProg2015.patch,D_correct,OK
patch1-Math-5-JGenProg2015.patch,D_correct,OK
patch1-Lang-44-Nopol2015.patch,D_correct,OK
patch1-Lang-58-Nopol2015.patch,D_correct,OK
patch1-Lang-55-Nopol2015.patch,D_correct,OK
patch1-Chart-5-Nopol2015.patch,D_correct,OK
patch1-Math-50-Nopol2015.patch,D_correct,OK
patch1-Lang-43-Arja.patch,D_correct,OK
patch1-Lang-35-Arja.patch,D_correct,OK
patch1-Lang-45-Arja.patch,D_correct,OK
patch1-Lang-20-Arja.patch,D_correct,OK
patch1-Time-15-Arja.patch,D_correct,OK
patch1-Chart-3-Arja.patch,D_correct,OK
patch1-Chart-5-Arja.patch,D_correct,OK
patch1-Chart-12-Arja.patch,D_correct,OK
patch1-Math-22-Arja.patch,D_correct,OK
patch1-Math-22-Arja.patch,D_correct,OK
patch1-Math-73-Arja.patch,D_correct,OK
patch1-Math-70-Arja.patch,D_correct,OK
patch1-Math-53-Arja.patch,D_correct,OK
patch1-Math-5-Arja.patch,D_correct,OK
patch1-Math-50-Arja.patch,D_correct,OK
patch1-Math-39-Arja.patch,D_correct,OK
patch1-Math-98-Arja.patch,D_correct,OK
patch1-Math-98-Arja.patch,D_correct,OK
patch1-Math-86-Arja.patch,D_correct,OK
patch1-Math-58-Arja.patch,D_correct,OK
patch2-Lang-6-SketchFix-plausible.patch,D_incorrect,OK
patch1-Lang-6-SketchFix-plausible.patch,D_incorrect,OK
patch2-Closure-62-SketchFix-plausible.patch,D_incorrect,OK
patch1-Closure-62-SketchFix-plausible.patch,D_incorrect,OK
patch2-Chart-1-SketchFix-plausible.patch,D_incorrect,OK
patch1-Chart-1-SketchFix-plausible.patch,D_incorrect,OK
patch2-Math-33-SketchFix-plausible.patch,D_incorrect,OK
patch2-Math-82-SketchFix-plausible.patch,D_incorrect,OK
patch3-Math-82-SketchFix-plausible.patch,D_incorrect,OK
patch2-Math-70-SketchFix-plausible.patch,D_incorrect,OK
patch1-Math-70-SketchFix-plausible.patch,D_incorrect,OK
patch1-Math-33-SketchFix-plausible.patch,D_incorrect,OK
patch3-Math-70-SketchFix-plausible.patch,D_incorrect,OK
patch1-Math-82-SketchFix-plausible.patch,D_incorrect,OK
patch1-Lang-39-ACS-plausible.patch,D_incorrect,OK
patch1-Math-73-ACS-plausible.patch,D_incorrect,OK
patch1-Math-28-ACS-plausible.patch,D_incorrect,OK
patch1-Math-97-ACS-plausible.patch,D_incorrect,OK
patch1-Math-81-ACS-plausible.patch,D_incorrect,OK
patch2-Lang-45-Jaid-plausible.patch,D_incorrect,OK
patch2-Lang-55-Jaid-plausible.patch,D_incorrect,OK
patch1-Lang-51-Jaid-plausible.patch,D_incorrect,OK
patch2-Lang-51-Jaid-plausible.patch,D_incorrect,OK
patch3-Lang-51-Jaid-plausible.patch,D_incorrect,OK
patch1-Lang-55-Jaid-plausible.patch,D_incorrect,OK
patch3-Lang-55-Jaid-plausible.patch,D_incorrect,OK
patch1-Lang-61-Jaid-plausible.patch,D_incorrect,OK
patch1-Lang-45-Jaid-plausible.patch,D_incorrect,OK
patch2-Lang-61-Jaid-plausible.patch,D_incorrect,OK
patch1-Closure-33-Jaid-plausible.patch,D_incorrect,OK
patch1-Closure-63-Jaid-plausible.patch,D_incorrect,OK
patch1-Closure-62-Jaid-plausible.patch,D_incorrect,OK
patch2-Closure-33-Jaid-plausible.patch,D_incorrect,OK
patch2-Chart-1-Jaid-plausible.patch,D_incorrect,OK
patch3-Chart-1-Jaid-plausible.patch,D_incorrect,OK
patch2-Chart-9-Jaid-plausible.patch,D_incorrect,OK
patch1-Chart-26-Jaid-plausible.patch,D_incorrect,OK
patch3-Chart-9-Jaid-plausible.patch,D_incorrect,OK
patch1-Chart-1-Jaid-plausible.patch,D_incorrect,OK
patch2-Chart-26-Jaid-plausible.patch,D_incorrect,OK
patch1-Chart-9-Jaid-plausible.patch,D_incorrect,OK
patch1-Math-32-Jaid-plausible.patch,D_incorrect,OK
patch3-Math-82-Jaid-plausible.patch,D_incorrect,OK
patch3-Math-80-Jaid-plausible.patch,D_incorrect,OK
patch1-Math-82-Jaid-plausible.patch,D_incorrect,OK
patch3-Math-85-Jaid-plausible.patch,D_incorrect,OK
patch1-Math-85-Jaid-plausible.patch,D_incorrect,OK
patch2-Math-80-Jaid-plausible.patch,D_incorrect,OK
patch4-Math-85-Jaid-plausible.patch,D_incorrect,OK
patch1-Math-53-Jaid-plausible.patch,D_incorrect,OK
patch1-Math-80-Jaid-plausible.patch,D_incorrect,OK
patch2-Math-50-Jaid-plausible.patch,D_incorrect,OK
patch2-Math-82-Jaid-plausible.patch,D_incorrect,OK
patch2-Math-53-Jaid-plausible.patch,D_incorrect,OK
patch3-Math-53-Jaid-plausible.patch,D_incorrect,OK
patch1-Math-50-Jaid-plausible.patch,D_incorrect,OK
patch2-Math-85-Jaid-plausible.patch,D_incorrect,OK
patch3-Math-50-Jaid-plausible.patch,D_incorrect,OK
patch4-Math-82-Jaid-plausible.patch,D_incorrect,OK
patch1-Lang-39-Elixir-plausible.patch,D_incorrect,OK
patch1-Lang-44-Elixir-plausible.patch,D_incorrect,OK
patch1-Lang-51-Elixir-plausible.patch,D_incorrect,OK
patch1-Lang-58-Elixir-plausible.patch,D_incorrect,OK
patch1-Time-11-Elixir-plausible.patch,D_incorrect,OK
patch1-Chart-17-Elixir-plausible.patch,D_incorrect,OK
patch1-Chart-13-Elixir-plausible.patch,D_incorrect,OK
patch1-Chart-3-Elixir-plausible.patch,D_incorrect,OK
patch1-Math-32-Elixir-plausible.patch,D_incorrect,OK
patch1-Math-63-Elixir-plausible.patch,D_incorrect,OK
patch1-Math-73-Elixir-plausible.patch,D_incorrect,OK
patch1-Math-104-Elixir-plausible.patch,D_incorrect,OK
patch1-Math-2-Elixir-plausible.patch,D_incorrect,OK
patch1-Math-80-Elixir-plausible.patch,D_incorrect,OK
patch1-Math-20-Elixir-plausible.patch,D_incorrect,OK
patch1-Lang-27-DeepRepair.patch,D_incorrect,OK
patch1-Chart-7-DeepRepair.patch,D_incorrect,OK
patch1-Chart-25-DeepRepair.patch,D_incorrect,OK
patch1-Chart-1-DeepRepair.patch,D_incorrect,OK
patch1-Chart-3-DeepRepair.patch,D_incorrect,OK
patch1-Chart-5-DeepRepair.patch,D_incorrect,OK
patch1-Math-53-DeepRepair.patch,D_incorrect,OK
patch1-Math-49-DeepRepair.patch,D_incorrect,OK
patch1-Math-28-DeepRepair.patch,D_incorrect,OK
patch1-Math-81-DeepRepair.patch,D_incorrect,OK
patch1-Lang-63-SimFix-plausible.patch,D_incorrect,OK
patch1-Lang-44-SimFix-plausible.patch,D_incorrect,OK
patch1-Lang-45-SimFix-plausible.patch,D_incorrect,OK
patch1-Chart-12-SimFix-plausible.patch,D_incorrect,OK
patch1-Chart-14-SimFix-plausible.patch,D_incorrect,OK
patch1-Chart-18-SimFix-plausible.patch,D_incorrect,OK
patch1-Chart-18-SimFix-plausible.patch,D_incorrect,OK
patch1-Math-28-SimFix-plausible.patch,D_incorrect,OK
patch1-Math-80-SimFix-plausible.patch,D_incorrect,OK
patch1-Math-20-SimFix-plausible.patch,D_incorrect,OK
patch1-Math-6-SimFix-plausible.patch,D_incorrect,OK
patch1-Math-72-SimFix-plausible.patch,D_incorrect,OK
patch1-Math-85-SimFix-plausible.patch,D_incorrect,OK
patch1-Math-88-SimFix-plausible.patch,D_incorrect,OK
patch1-Math-82-SimFix-plausible.patch,D_incorrect,OK
patch1-Math-1-SimFix-plausible.patch,D_incorrect,OK
patch1-Math-1-SimFix-plausible.patch,D_incorrect,OK
patch1-Math-8-SimFix-plausible.patch,D_incorrect,OK
patch1-Math-81-SimFix-plausible.patch,D_incorrect,OK
patch1-Math-73-SimFix-plausible.patch,D_incorrect,OK
patch-Lang-2-ssFix-plausible.patch,D_incorrect,OK
patch-Lang-27-ssFix-plausible.patch,D_incorrect,OK
patch-Closure-115-ssFix-plausible.patch,D_incorrect,OK
patch1-Chart-1-ssFix-plausible.patch,D_incorrect,OK
patch-Math-79-ssFix-plausible.patch,D_incorrect,OK
patch1-Math-20-ssFix-plausible.patch,D_incorrect,OK
patch1-Math-8-ssFix-plausible.patch,D_incorrect,OK
patch-Math-30-ssFix-plausible.patch,D_incorrect,OK
patch1-Math-57-ssFix-plausible.patch,D_incorrect,OK
patch1-Math-28-ssFix-plausible.patch,D_incorrect,OK
patch1-Lang-6-HDRepair.patch,D_incorrect,OK
patch1-Math-85-HDRepair.patch,D_incorrect,OK
patch1-Math-53-HDRepair.patch,D_incorrect,OK
patch1-Math-82-HDRepair.patch,D_incorrect,OK
patch1-Math-50-HDRepair.patch,D_incorrect,OK
patch6-Lang-59-CapGen-plausible.patch,D_incorrect,OK
patch10-Lang-59-CapGen-plausible.patch,D_incorrect,OK
patch3-Lang-59-CapGen-plausible.patch,D_incorrect,OK
patch9-Lang-59-CapGen-plausible.patch,D_incorrect,OK
patch13-Lang-59-CapGen-plausible.patch,D_incorrect,OK
patch11-Lang-59-CapGen-plausible.patch,D_incorrect,OK
patch7-Lang-59-CapGen-plausible.patch,D_incorrect,OK
patch4-Lang-59-CapGen-plausible.patch,D_incorrect,OK
patch8-Lang-59-CapGen-plausible.patch,D_incorrect,OK
patch1-Lang-59-CapGen-plausible.patch,D_incorrect,OK
patch1-Lang-43-CapGen-plausible.patch,D_incorrect,OK
patch5-Lang-59-CapGen-plausible.patch,D_incorrect,OK
patch2-Lang-59-CapGen-plausible.patch,D_incorrect,OK
patch12-Lang-59-CapGen-plausible.patch,D_incorrect,OK
patch2-Chart-8-CapGen-plausible.patch,D_incorrect,OK
patch1-Chart-8-CapGen-plausible.patch,D_incorrect,OK
patch5-Chart-8-CapGen-plausible.patch,D_incorrect,OK
patch4-Chart-8-CapGen-plausible.patch,D_incorrect,OK
patch3-Chart-8-CapGen-plausible.patch,D_incorrect,OK
patch8-Math-80-CapGen-plausible.patch,D_incorrect,OK
patch2-Math-63-CapGen-plausible.patch,D_incorrect,OK
patch1-Math-5-CapGen-plausible.patch,D_incorrect,OK
patch1-Math-85-CapGen-plausible.patch,D_incorrect,OK
patch3-Math-63-CapGen-plausible.patch,D_incorrect,OK
patch3-Math-80-CapGen-plausible.patch,D_incorrect,OK
patch7-Math-80-CapGen-plausible.patch,D_incorrect,OK
patch3-Math-5-CapGen-plausible.patch,D_incorrect,OK
patch2-Math-5-CapGen-plausible.patch,D_incorrect,OK
patch7-Math-63-CapGen-plausible.patch,D_incorrect,OK
patch6-Math-80-CapGen-plausible.patch,D_incorrect,OK
patch5-Math-80-CapGen-plausible.patch,D_incorrect,OK
patch8-Math-63-CapGen-plausible.patch,D_incorrect,OK
patch1-Math-80-CapGen-plausible.patch,D_incorrect,OK
patch2-Math-80-CapGen-plausible.patch,D_incorrect,OK
patch9-Math-80-CapGen-plausible.patch,D_incorrect,OK
patch1-Math-63-CapGen-plausible.patch,D_incorrect,OK
patch2-Math-85-CapGen-plausible.patch,D_incorrect,OK
patch6-Math-63-CapGen-plausible.patch,D_incorrect,OK
patch3-Math-85-CapGen-plausible.patch,D_incorrect,OK
patch4-Math-80-CapGen-plausible.patch,D_incorrect,OK
patch5-Math-63-CapGen-plausible.patch,D_incorrect,OK
patch4-Math-63-CapGen-plausible.patch,D_incorrect,OK
patch10-Math-80-CapGen-plausible.patch,D_incorrect,OK
patch1-Time-4-JGenProg2015-plausible.patch,D_incorrect,OK
patch1-Chart-15-JGenProg2015-plausible.patch,D_incorrect,OK
patch1-Chart-7-JGenProg2015-plausible.patch,D_incorrect,OK
patch1-Math-2-JGenProg2015-plausible.patch,D_incorrect,OK
patch1-Math-49-JGenProg2015-plausible.patch,D_incorrect,OK
patch1-Lang-39-Nopol2015-plausible.patch,D_incorrect,OK
patch1-Lang-51-Nopol2015-plausible.patch,D_incorrect,OK
patch1-Time-11-Nopol2015-plausible.patch,D_incorrect,OK
patch1-Chart-26-Nopol2015-plausible.patch,D_incorrect,OK
patch1-Math-82-Nopol2015-plausible.patch,D_incorrect,OK
patch1-Math-85-Nopol2015-plausible.patch,D_incorrect,OK
patch1-Math-58-Nopol2015-plausible.patch,D_incorrect,OK
patch1-Math-49-Nopol2015-plausible.patch,D_incorrect,OK
patch1-Lang-22-Arja-plausible.patch,D_incorrect,OK
patch2-Lang-63-Arja-plausible.patch,D_incorrect,OK
patch3-Lang-55-Arja-plausible.patch,D_incorrect,OK
patch4-Lang-55-Arja-plausible.patch,D_incorrect,OK
patch5-Lang-50-Arja-plausible.patch,D_incorrect,OK
patch4-Lang-22-Arja-plausible.patch,D_incorrect,OK
patch3-Lang-63-Arja-plausible.patch,D_incorrect,OK
patch5-Lang-55-Arja-plausible.patch,D_incorrect,OK
patch8-Lang-59-Arja-plausible.patch,D_incorrect,OK
patch3-Lang-61-Arja-plausible.patch,D_incorrect,OK
patch2-Lang-61-Arja-plausible.patch,D_incorrect,OK
patch3-Lang-20-Arja-plausible.patch,D_incorrect,OK
patch6-Lang-50-Arja-plausible.patch,D_incorrect,OK
patch2-Lang-50-Arja-plausible.patch,D_incorrect,OK
patch4-Lang-59-Arja-plausible.patch,D_incorrect,OK
patch1-Lang-20-Arja-plausible.patch,D_incorrect,OK
patch3-Lang-43-Arja-plausible.patch,D_incorrect,OK
patch1-Lang-60-Arja-plausible.patch,D_incorrect,OK
patch4-Lang-61-Arja-plausible.patch,D_incorrect,OK
patch2-Lang-51-Arja-plausible.patch,D_incorrect,OK
patch4-Lang-63-Arja-plausible.patch,D_incorrect,OK
patch7-Lang-59-Arja-plausible.patch,D_incorrect,OK
patch1-Lang-50-Arja-plausible.patch,D_incorrect,OK
patch4-Lang-43-Arja-plausible.patch,D_incorrect,OK
patch1-Lang-55-Arja-plausible.patch,D_incorrect,OK
patch2-Lang-16-Arja-plausible.patch,D_incorrect,OK
patch1-Lang-61-Arja-plausible.patch,D_incorrect,OK
patch3-Lang-59-Arja-plausible.patch,D_incorrect,OK
patch9-Lang-59-Arja-plausible.patch,D_incorrect,OK
patch3-Lang-50-Arja-plausible.patch,D_incorrect,OK
patch3-Lang-22-Arja-plausible.patch,D_incorrect,OK
patch2-Lang-55-Arja-plausible.patch,D_incorrect,OK
patch2-Lang-22-Arja-plausible.patch,D_incorrect,OK
patch1-Lang-39-Arja-plausible.patch,D_incorrect,OK
patch1-Lang-41-Arja-plausible.patch,D_incorrect,OK
patch2-Lang-43-Arja-plausible.patch,D_incorrect,OK
patch1-Lang-63-Arja-plausible.patch,D_incorrect,OK
patch5-Lang-63-Arja-plausible.patch,D_incorrect,OK
patch1-Lang-59-Arja-plausible.patch,D_incorrect,OK
patch4-Lang-50-Arja-plausible.patch,D_incorrect,OK
patch1-Lang-51-Arja-plausible.patch,D_incorrect,OK
patch2-Lang-59-Arja-plausible.patch,D_incorrect,OK
patch6-Lang-59-Arja-plausible.patch,D_incorrect,OK
patch5-Lang-59-Arja-plausible.patch,D_incorrect,OK
patch1-Lang-16-Arja-plausible.patch,D_incorrect,OK
patch1-Lang-43-Arja-plausible.patch,D_incorrect,OK
patch2-Lang-20-Arja-plausible.patch,D_incorrect,OK
patch3-Time-11-Arja-plausible.patch,D_incorrect,OK
patch3-Time-4-Arja-plausible.patch,D_incorrect,OK
patch1-Time-11-Arja-plausible.patch,D_incorrect,OK
patch1-Time-14-Arja-plausible.patch,D_incorrect,OK
patch5-Time-4-Arja-plausible.patch,D_incorrect,OK
patch4-Time-4-Arja-plausible.patch,D_incorrect,OK
patch5-Time-11-Arja-plausible.patch,D_incorrect,OK
patch6-Time-4-Arja-plausible.patch,D_incorrect,OK
patch4-Time-11-Arja-plausible.patch,D_incorrect,OK
patch1-Time-4-Arja-plausible.patch,D_incorrect,OK
patch7-Time-4-Arja-plausible.patch,D_incorrect,OK
patch6-Time-11-Arja-plausible.patch,D_incorrect,OK
patch7-Time-11-Arja-plausible.patch,D_incorrect,OK
patch2-Time-4-Arja-plausible.patch,D_incorrect,OK
patch2-Time-11-Arja-plausible.patch,D_incorrect,OK
patch1-Chart-13-Arja-plausible.patch,D_incorrect,OK
patch1-Chart-19-Arja-plausible.patch,D_incorrect,OK
patch6-Chart-13-Arja-plausible.patch,D_incorrect,OK
patch3-Chart-13-Arja-plausible.patch,D_incorrect,OK
patch1-Chart-1-Arja-plausible.patch,D_incorrect,OK
patch1-Chart-12-Arja-plausible.patch,D_incorrect,OK
patch3-Chart-15-Arja-plausible.patch,D_incorrect,OK
patch2-Chart-13-Arja-plausible.patch,D_incorrect,OK
patch2-Chart-1-Arja-plausible.patch,D_incorrect,OK
patch2-Chart-12-Arja-plausible.patch,D_incorrect,OK
patch1-Chart-7-Arja-plausible.patch,D_incorrect,OK
patch3-Chart-1-Arja-plausible.patch,D_incorrect,OK
patch2-Chart-25-Arja-plausible.patch,D_incorrect,OK
patch5-Chart-25-Arja-plausible.patch,D_incorrect,OK
patch4-Chart-13-Arja-plausible.patch,D_incorrect,OK
patch3-Chart-12-Arja-plausible.patch,D_incorrect,OK
patch1-Chart-25-Arja-plausible.patch,D_incorrect,OK
patch1-Chart-15-Arja-plausible.patch,D_incorrect,OK
patch4-Chart-1-Arja-plausible.patch,D_incorrect,OK
patch5-Chart-13-Arja-plausible.patch,D_incorrect,OK
patch3-Chart-25-Arja-plausible.patch,D_incorrect,OK
patch4-Chart-25-Arja-plausible.patch,D_incorrect,OK
patch2-Chart-15-Arja-plausible.patch,D_incorrect,OK
patch7-Math-80-Arja-plausible.patch,D_incorrect,OK
patch1-Math-31-Arja-plausible.patch,D_incorrect,OK
patch6-Math-49-Arja-plausible.patch,D_incorrect,OK
patch15-Math-80-Arja-plausible.patch,D_incorrect,OK
patch3-Math-49-Arja-plausible.patch,D_incorrect,OK
patch3-Math-2-Arja-plausible.patch,D_incorrect,OK
patch9-Math-28-Arja-plausible.patch,D_incorrect,OK
patch2-Math-20-Arja-plausible.patch,D_incorrect,OK
patch3-Math-8-Arja-plausible.patch,D_incorrect,OK
patch1-Math-71-Arja-plausible.patch,D_incorrect,OK
patch9-Math-80-Arja-plausible.patch,D_incorrect,OK
patch9-Math-20-Arja-plausible.patch,D_incorrect,OK
patch4-Math-80-Arja-plausible.patch,D_incorrect,OK
patch7-Math-20-Arja-plausible.patch,D_incorrect,OK
patch10-Math-20-Arja-plausible.patch,D_incorrect,OK
patch1-Math-20-Arja-plausible.patch,D_incorrect,OK
patch11-Math-20-Arja-plausible.patch,D_incorrect,OK
patch13-Math-80-Arja-plausible.patch,D_incorrect,OK
patch7-Math-2-Arja-plausible.patch,D_incorrect,OK
patch12-Math-80-Arja-plausible.patch,D_incorrect,OK
patch2-Math-80-Arja-plausible.patch,D_incorrect,OK
patch1-Math-2-Arja-plausible.patch,D_incorrect,OK
patch1-Math-6-Arja-plausible.patch,D_incorrect,OK
patch1-Math-28-Arja-plausible.patch,D_incorrect,OK
patch6-Math-31-Arja-plausible.patch,D_incorrect,OK
patch1-Math-60-Arja-plausible.patch,D_incorrect,OK
patch5-Math-31-Arja-plausible.patch,D_incorrect,OK
patch8-Math-2-Arja-plausible.patch,D_incorrect,OK
patch3-Math-31-Arja-plausible.patch,D_incorrect,OK
patch14-Math-80-Arja-plausible.patch,D_incorrect,OK
patch2-Math-6-Arja-plausible.patch,D_incorrect,OK
patch4-Math-28-Arja-plausible.patch,D_incorrect,OK
patch4-Math-2-Arja-plausible.patch,D_incorrect,OK
patch1-Math-49-Arja-plausible.patch,D_incorrect,OK
patch6-Math-2-Arja-plausible.patch,D_incorrect,OK
patch2-Math-56-Arja-plausible.patch,D_incorrect,OK
patch4-Math-31-Arja-plausible.patch,D_incorrect,OK
patch6-Math-28-Arja-plausible.patch,D_incorrect,OK
patch3-Math-28-Arja-plausible.patch,D_incorrect,OK
patch8-Math-28-Arja-plausible.patch,D_incorrect,OK
patch4-Math-49-Arja-plausible.patch,D_incorrect,OK
patch1-Math-8-Arja-plausible.patch,D_incorrect,OK
patch1-Math-56-Arja-plausible.patch,D_incorrect,OK
patch1-Math-68-Arja-plausible.patch,D_incorrect,OK
patch3-Math-20-Arja-plausible.patch,D_incorrect,OK
patch10-Math-80-Arja-plausible.patch,D_incorrect,OK
patch5-Math-8-Arja-plausible.patch,D_incorrect,OK
patch2-Math-31-Arja-plausible.patch,D_incorrect,OK
patch4-Math-8-Arja-plausible.patch,D_incorrect,OK
patch1-Math-80-Arja-plausible.patch,D_incorrect,OK
patch5-Math-2-Arja-plausible.patch,D_incorrect,OK
patch10-Math-28-Arja-plausible.patch,D_incorrect,OK
patch6-Math-20-Arja-plausible.patch,D_incorrect,OK
patch6-Math-80-Arja-plausible.patch,D_incorrect,OK
patch5-Math-28-Arja-plausible.patch,D_incorrect,OK
patch5-Math-80-Arja-plausible.patch,D_incorrect,OK
patch5-Math-20-Arja-plausible.patch,D_incorrect,OK
patch2-Math-8-Arja-plausible.patch,D_incorrect,OK
patch3-Math-80-Arja-plausible.patch,D_incorrect,OK
patch8-Math-20-Arja-plausible.patch,D_incorrect,OK
patch11-Math-80-Arja-plausible.patch,D_incorrect,OK
patch2-Math-49-Arja-plausible.patch,D_incorrect,OK
patch2-Math-71-Arja-plausible.patch,D_incorrect,OK
patch8-Math-80-Arja-plausible.patch,D_incorrect,OK
patch7-Math-49-Arja-plausible.patch,D_incorrect,OK
patch2-Math-2-Arja-plausible.patch,D_incorrect,OK
patch11-Math-28-Arja-plausible.patch,D_incorrect,OK
patch7-Math-31-Arja-plausible.patch,D_incorrect,OK
patch4-Math-20-Arja-plausible.patch,D_incorrect,OK
patch1-Math-74-Arja-plausible.patch,D_incorrect,OK
patch7-Math-28-Arja-plausible.patch,D_incorrect,OK
patch2-Math-28-Arja-plausible.patch,D_incorrect,OK
patch6-Math-8-Arja-plausible.patch,D_incorrect,OK
patch5-Math-49-Arja-plausible.patch,D_incorrect,OK
patch7-Math-8-Arja-plausible.patch,D_incorrect,OK


patch1-Lang-44-Nopol2017.patch,D_unassessed,OK
patch1-Lang-51-Nopol2017.patch,D_unassessed,OK
patch1-Lang-53-Nopol2017.patch,D_unassessed,OK
patch1-Lang-58-Nopol2017.patch,D_unassessed,OK
patch1-Mockito-38-Nopol2017.patch,D_unassessed,OK
patch1-Mockito-29-Nopol2017.patch,D_unassessed,OK
patch1-Time-7-Nopol2017.patch,D_unassessed,OK
patch1-Time-14-Nopol2017.patch,D_unassessed,OK
patch1-Time-19-Nopol2017.patch,D_unassessed,OK
patch1-Time-11-Nopol2017.patch,D_unassessed,OK
patch1-Time-12-Nopol2017.patch,D_unassessed,OK
patch1-Time-18-Nopol2017.patch,D_unassessed,OK
patch1-Time-16-Nopol2017.patch,D_unassessed,OK
patch1-Time-4-Nopol2017.patch,D_unassessed,OK
patch1-Closure-8-Nopol2017.patch,D_unassessed,OK
patch1-Closure-21-Nopol2017.patch,D_unassessed,OK
patch1-Closure-17-Nopol2017.patch,D_unassessed,OK
patch1-Closure-63-Nopol2017.patch,D_unassessed,OK
patch1-Closure-26-Nopol2017.patch,D_unassessed,OK
patch1-Closure-61-Nopol2017.patch,D_unassessed,FAILED
patch1-Closure-16-Nopol2017.patch,D_unassessed,OK
patch1-Closure-119-Nopol2017.patch,D_unassessed,OK
patch1-Closure-49-Nopol2017.patch,D_unassessed,OK
patch1-Closure-15-Nopol2017.patch,D_unassessed,OK
patch1-Closure-120-Nopol2017.patch,D_unassessed,OK
patch1-Closure-12-Nopol2017.patch,D_unassessed,OK
patch1-Closure-20-Nopol2017.patch,D_unassessed,OK
patch1-Closure-60-Nopol2017.patch,D_unassessed,OK
patch1-Closure-72-Nopol2017.patch,D_unassessed,OK
patch1-Closure-127-Nopol2017.patch,D_unassessed,OK
patch1-Closure-126-Nopol2017.patch,D_unassessed,OK
patch1-Closure-124-Nopol2017.patch,D_unassessed,OK
patch1-Closure-35-Nopol2017.patch,D_unassessed,OK
patch1-Closure-75-Nopol2017.patch,D_unassessed,OK
patch1-Closure-28-Nopol2017.patch,D_unassessed,OK
patch1-Closure-33-Nopol2017.patch,D_unassessed,OK
patch1-Closure-45-Nopol2017.patch,D_unassessed,OK
patch1-Closure-131-Nopol2017.patch,D_unassessed,OK
patch1-Closure-2-Nopol2017.patch,D_unassessed,OK
patch1-Closure-121-Nopol2017.patch,D_unassessed,OK
patch1-Closure-130-Nopol2017.patch,D_unassessed,OK
patch1-Closure-113-Nopol2017.patch,D_unassessed,OK
patch1-Closure-14-Nopol2017.patch,D_unassessed,OK
patch1-Closure-30-Nopol2017.patch,D_unassessed,OK
patch1-Closure-76-Nopol2017.patch,D_unassessed,OK
patch1-Closure-129-Nopol2017.patch,D_unassessed,OK
patch1-Closure-50-Nopol2017.patch,D_unassessed,OK
patch1-Closure-38-Nopol2017.patch,D_unassessed,OK
patch1-Closure-132-Nopol2017.patch,D_unassessed,OK
patch1-Closure-29-Nopol2017.patch,D_unassessed,OK
patch1-Closure-62-Nopol2017.patch,D_unassessed,OK
patch1-Closure-40-Nopol2017.patch,D_unassessed,OK
patch1-Closure-10-Nopol2017.patch,D_unassessed,OK
patch1-Closure-5-Nopol2017.patch,D_unassessed,OK
patch1-Closure-1-Nopol2017.patch,D_unassessed,OK
patch1-Closure-111-Nopol2017.patch,D_unassessed,OK
patch1-Closure-55-Nopol2017.patch,D_unassessed,OK
patch1-Closure-78-Nopol2017.patch,D_unassessed,OK
patch1-Closure-22-Nopol2017.patch,D_unassessed,OK
patch1-Closure-67-Nopol2017.patch,D_unassessed,OK
patch1-Closure-3-Nopol2017.patch,D_unassessed,OK
patch1-Closure-115-Nopol2017.patch,D_unassessed,OK
patch1-Closure-133-Nopol2017.patch,D_unassessed,OK
patch1-Closure-66-Nopol2017.patch,D_unassessed,OK
patch1-Closure-7-Nopol2017.patch,D_unassessed,OK
patch1-Closure-114-Nopol2017.patch,D_unassessed,OK
patch1-Closure-36-Nopol2017.patch,D_unassessed,OK
patch1-Closure-18-Nopol2017.patch,D_unassessed,OK
patch1-Closure-116-Nopol2017.patch,D_unassessed,OK
patch1-Chart-13-Nopol2017.patch,D_unassessed,FAILED
patch1-Chart-4-Nopol2017.patch,D_unassessed,FAILED
patch1-Chart-21-Nopol2017.patch,D_unassessed,FAILED
patch1-Chart-26-Nopol2017.patch,D_unassessed,FAILED
patch1-Chart-5-Nopol2017.patch,D_unassessed,FAILED
patch-Chart-6-Nopol2017.patch,D_unassessed,OK
patch1-Chart-17-Nopol2017.patch,D_unassessed,FAILED
patch1-Chart-3-Nopol2017.patch,D_unassessed,FAILED
patch-Chart-15-Nopol2017.patch,D_unassessed,OK
patch1-Chart-25-Nopol2017.patch,D_unassessed,FAILED
patch1-Math-2-Nopol2017.patch,D_unassessed,OK
patch1-Math-44-Nopol2017.patch,D_unassessed,OK
patch1-Math-85-Nopol2017.patch,D_unassessed,OK
patch1-Math-42-Nopol2017.patch,D_unassessed,OK
patch1-Math-58-Nopol2017.patch,D_unassessed,OK
patch1-Math-49-Nopol2017.patch,D_unassessed,OK
patch1-Math-80-Nopol2017.patch,D_unassessed,OK
patch1-Math-28-Nopol2017.patch,D_unassessed,OK
patch1-Math-4-Nopol2017.patch,D_unassessed,OK
patch1-Math-33-Nopol2017.patch,D_unassessed,OK
patch1-Math-57-Nopol2017.patch,D_unassessed,OK
patch1-Math-81-Nopol2017.patch,D_unassessed,OK
patch1-Math-73-Nopol2017.patch,D_unassessed,OK
patch1-Math-88-Nopol2017.patch,D_unassessed,OK
patch1-Math-39-Nopol2017.patch,D_unassessed,OK
patch1-Math-7-Nopol2017.patch,D_unassessed,OK
patch1-Math-105-Nopol2017.patch,D_unassessed,OK
patch1-Math-69-Nopol2017.patch,D_unassessed,OK
patch1-Math-40-Nopol2017.patch,D_unassessed,OK
patch1-Math-87-Nopol2017.patch,D_unassessed,OK
patch1-Math-78-Nopol2017.patch,D_unassessed,OK
patch1-Math-41-Nopol2017.patch,D_unassessed,OK
patch1-Math-24-Nopol2017.patch,D_unassessed,OK
patch1-Math-50-Nopol2017.patch,D_unassessed,OK
patch2-Lang-7-Cardumen.patch,D_unassessed,OK
patch2-Lang-27-Cardumen.patch,D_unassessed,OK
patch4-Lang-10-Cardumen.patch,D_unassessed,OK
patch4-Lang-7-Cardumen.patch,D_unassessed,OK
patch3-Lang-10-Cardumen.patch,D_unassessed,OK
patch1-Lang-24-Cardumen.patch,D_unassessed,OK
patch3-Lang-22-Cardumen.patch,D_unassessed,OK
patch2-Lang-10-Cardumen.patch,D_unassessed,OK
patch1-Lang-14-Cardumen.patch,D_unassessed,OK
patch5-Lang-39-Cardumen.patch,D_unassessed,OK
patch3-Lang-39-Cardumen.patch,D_unassessed,OK
patch1-Lang-7-Cardumen.patch,D_unassessed,OK
patch2-Lang-39-Cardumen.patch,D_unassessed,OK
patch1-Lang-27-Cardumen.patch,D_unassessed,OK
patch5-Lang-27-Cardumen.patch,D_unassessed,OK
patch2-Lang-24-Cardumen.patch,D_unassessed,OK
patch5-Lang-7-Cardumen.patch,D_unassessed,OK
patch3-Lang-27-Cardumen.patch,D_unassessed,OK
patch5-Lang-14-Cardumen.patch,D_unassessed,OK
patch1-Lang-22-Cardumen.patch,D_unassessed,OK
patch5-Lang-22-Cardumen.patch,D_unassessed,OK
patch2-Lang-14-Cardumen.patch,D_unassessed,OK
patch1-Lang-39-Cardumen.patch,D_unassessed,OK
patch1-Lang-10-Cardumen.patch,D_unassessed,OK
patch4-Lang-27-Cardumen.patch,D_unassessed,OK
patch2-Lang-22-Cardumen.patch,D_unassessed,OK
patch3-Lang-14-Cardumen.patch,D_unassessed,OK
patch4-Lang-22-Cardumen.patch,D_unassessed,OK
patch3-Lang-7-Cardumen.patch,D_unassessed,OK
patch4-Lang-14-Cardumen.patch,D_unassessed,OK
patch4-Lang-39-Cardumen.patch,D_unassessed,OK
patch3-Time-4-Cardumen.patch,D_unassessed,OK
patch1-Time-17-Cardumen.patch,D_unassessed,OK
patch2-Time-17-Cardumen.patch,D_unassessed,OK
patch5-Time-4-Cardumen.patch,D_unassessed,OK
patch5-Time-17-Cardumen.patch,D_unassessed,OK
patch4-Time-11-Cardumen.patch,D_unassessed,OK
patch3-Time-11-Cardumen.patch,D_unassessed,OK
patch1-Time-18-Cardumen.patch,D_unassessed,OK
patch4-Time-4-Cardumen.patch,D_unassessed,OK
patch1-Time-4-Cardumen.patch,D_unassessed,OK
patch1-Time-11-Cardumen.patch,D_unassessed,OK
patch5-Time-11-Cardumen.patch,D_unassessed,OK
patch1-Time-7-Cardumen.patch,D_unassessed,OK
patch2-Time-4-Cardumen.patch,D_unassessed,OK
patch3-Time-17-Cardumen.patch,D_unassessed,OK
patch2-Time-11-Cardumen.patch,D_unassessed,OK
patch4-Time-17-Cardumen.patch,D_unassessed,OK
patch1-Time-9-Cardumen.patch,D_unassessed,OK
patch1-Closure-33-Cardumen.patch,D_unassessed,OK
patch5-Closure-21-Cardumen.patch,D_unassessed,OK
patch1-Closure-40-Cardumen.patch,D_unassessed,OK
patch1-Closure-46-Cardumen.patch,D_unassessed,OK
patch2-Closure-7-Cardumen.patch,D_unassessed,OK
patch4-Closure-21-Cardumen.patch,D_unassessed,OK
patch1-Closure-133-Cardumen.patch,D_unassessed,OK
patch2-Closure-33-Cardumen.patch,D_unassessed,OK
patch2-Closure-12-Cardumen.patch,D_unassessed,OK
patch2-Closure-40-Cardumen.patch,D_unassessed,OK
patch1-Closure-45-Cardumen.patch,D_unassessed,OK
patch1-Closure-21-Cardumen.patch,D_unassessed,OK
patch2-Closure-13-Cardumen.patch,D_unassessed,OK
patch4-Closure-46-Cardumen.patch,D_unassessed,OK
patch5-Closure-46-Cardumen.patch,D_unassessed,OK
patch4-Closure-10-Cardumen.patch,D_unassessed,OK
patch1-Closure-12-Cardumen.patch,D_unassessed,OK
patch3-Closure-45-Cardumen.patch,D_unassessed,OK
patch3-Closure-10-Cardumen.patch,D_unassessed,OK
patch1-Closure-7-Cardumen.patch,D_unassessed,OK
patch3-Closure-40-Cardumen.patch,D_unassessed,OK
patch2-Closure-21-Cardumen.patch,D_unassessed,OK
patch1-Closure-13-Cardumen.patch,D_unassessed,OK
patch1-Closure-55-Cardumen.patch,D_unassessed,OK
patch5-Closure-45-Cardumen.patch,D_unassessed,OK
patch2-Closure-46-Cardumen.patch,D_unassessed,OK
patch3-Closure-21-Cardumen.patch,D_unassessed,OK
patch1-Closure-10-Cardumen.patch,D_unassessed,OK
patch3-Closure-46-Cardumen.patch,D_unassessed,OK
patch4-Closure-45-Cardumen.patch,D_unassessed,OK
patch2-Closure-10-Cardumen.patch,D_unassessed,OK
patch4-Closure-40-Cardumen.patch,D_unassessed,OK
patch2-Closure-45-Cardumen.patch,D_unassessed,OK
patch3-Chart-15-Cardumen.patch,D_unassessed,OK
patch3-Chart-26-Cardumen.patch,D_unassessed,OK
patch5-Chart-5-Cardumen.patch,D_unassessed,OK
patch2-Chart-5-Cardumen.patch,D_unassessed,OK
patch3-Chart-25-Cardumen.patch,D_unassessed,OK
patch1-Chart-6-Cardumen.patch,D_unassessed,OK
patch3-Chart-5-Cardumen.patch,D_unassessed,OK
patch1-Chart-5-Cardumen.patch,D_unassessed,OK
patch2-Chart-6-Cardumen.patch,D_unassessed,OK
patch1-Chart-7-Cardumen.patch,D_unassessed,OK
patch4-Chart-15-Cardumen.patch,D_unassessed,OK
patch3-Chart-1-Cardumen.patch,D_unassessed,OK
patch1-Chart-24-Cardumen.patch,D_unassessed,OK
patch4-Chart-3-Cardumen.patch,D_unassessed,OK
patch2-Chart-7-Cardumen.patch,D_unassessed,OK
patch1-Chart-4-Cardumen.patch,D_unassessed,OK
patch3-Chart-24-Cardumen.patch,D_unassessed,OK
patch2-Chart-26-Cardumen.patch,D_unassessed,OK
patch4-Chart-7-Cardumen.patch,D_unassessed,OK
patch2-Chart-9-Cardumen.patch,D_unassessed,OK
patch4-Chart-25-Cardumen.patch,D_unassessed,OK
patch3-Chart-3-Cardumen.patch,D_unassessed,OK
patch4-Chart-5-Cardumen.patch,D_unassessed,OK
patch1-Chart-13-Cardumen.patch,D_unassessed,OK
patch1-Chart-12-Cardumen.patch,D_unassessed,OK
patch2-Chart-1-Cardumen.patch,D_unassessed,OK
patch1-Chart-26-Cardumen.patch,D_unassessed,OK
patch4-Chart-1-Cardumen.patch,D_unassessed,OK
patch5-Chart-25-Cardumen.patch,D_unassessed,OK
patch2-Chart-25-Cardumen.patch,D_unassessed,OK
patch1-Chart-9-Cardumen.patch,D_unassessed,OK
patch3-Chart-7-Cardumen.patch,D_unassessed,OK
patch5-Chart-15-Cardumen.patch,D_unassessed,OK
patch2-Chart-4-Cardumen.patch,D_unassessed,OK
patch5-Chart-26-Cardumen.patch,D_unassessed,OK
patch2-Chart-15-Cardumen.patch,D_unassessed,OK
patch1-Chart-1-Cardumen.patch,D_unassessed,OK
patch2-Chart-24-Cardumen.patch,D_unassessed,OK
patch4-Chart-9-Cardumen.patch,D_unassessed,OK
patch1-Chart-25-Cardumen.patch,D_unassessed,OK
patch5-Chart-7-Cardumen.patch,D_unassessed,OK
patch2-Chart-3-Cardumen.patch,D_unassessed,OK
patch1-Chart-17-Cardumen.patch,D_unassessed,OK
patch2-Chart-13-Cardumen.patch,D_unassessed,OK
patch1-Chart-15-Cardumen.patch,D_unassessed,OK
patch5-Chart-3-Cardumen.patch,D_unassessed,OK
patch5-Chart-9-Cardumen.patch,D_unassessed,OK
patch1-Chart-3-Cardumen.patch,D_unassessed,OK
patch4-Chart-26-Cardumen.patch,D_unassessed,OK
patch3-Chart-13-Cardumen.patch,D_unassessed,OK
patch3-Chart-9-Cardumen.patch,D_unassessed,OK
patch4-Chart-13-Cardumen.patch,D_unassessed,OK
patch1-Math-6-Cardumen.patch,D_unassessed,OK
patch5-Math-95-Cardumen.patch,D_unassessed,OK
patch3-Math-18-Cardumen.patch,D_unassessed,OK
patch1-Math-28-Cardumen.patch,D_unassessed,OK
patch1-Math-80-Cardumen.patch,D_unassessed,OK
patch2-Math-6-Cardumen.patch,D_unassessed,OK
patch1-Math-20-Cardumen.patch,D_unassessed,OK
patch2-Math-63-Cardumen.patch,D_unassessed,OK
patch3-Math-5-Cardumen.patch,D_unassessed,OK
patch4-Math-79-Cardumen.patch,D_unassessed,OK
patch4-Math-20-Cardumen.patch,D_unassessed,OK
patch1-Math-78-Cardumen.patch,D_unassessed,OK
patch1-Math-104-Cardumen.patch,D_unassessed,OK
patch3-Math-73-Cardumen.patch,D_unassessed,OK
patch4-Math-57-Cardumen.patch,D_unassessed,OK
patch4-Math-2-Cardumen.patch,D_unassessed,OK
patch3-Math-80-Cardumen.patch,D_unassessed,OK
patch1-Math-18-Cardumen.patch,D_unassessed,OK
patch5-Math-70-Cardumen.patch,D_unassessed,OK
patch3-Math-63-Cardumen.patch,D_unassessed,OK
patch3-Math-50-Cardumen.patch,D_unassessed,OK
patch1-Math-73-Cardumen.patch,D_unassessed,OK
patch4-Math-46-Cardumen.patch,D_unassessed,OK
patch2-Math-20-Cardumen.patch,D_unassessed,OK
patch2-Math-78-Cardumen.patch,D_unassessed,OK
patch1-Math-81-Cardumen.patch,D_unassessed,OK
patch1-Math-5-Cardumen.patch,D_unassessed,OK
patch5-Math-8-Cardumen.patch,D_unassessed,OK
patch2-Math-41-Cardumen.patch,D_unassessed,OK
patch1-Math-84-Cardumen.patch,D_unassessed,OK
patch5-Math-73-Cardumen.patch,D_unassessed,OK
patch2-Math-49-Cardumen.patch,D_unassessed,FAILED
patch5-Math-49-Cardumen.patch,D_unassessed,OK
patch4-Math-82-Cardumen.patch,D_unassessed,OK
patch3-Math-81-Cardumen.patch,D_unassessed,OK
patch3-Math-97-Cardumen.patch,D_unassessed,OK
patch5-Math-79-Cardumen.patch,D_unassessed,OK
patch3-Math-78-Cardumen.patch,D_unassessed,OK
patch4-Math-73-Cardumen.patch,D_unassessed,OK
patch5-Math-30-Cardumen.patch,D_unassessed,OK
patch1-Math-101-Cardumen.patch,D_unassessed,OK
patch3-Math-60-Cardumen.patch,D_unassessed,OK
patch1-Math-33-Cardumen.patch,D_unassessed,OK
patch3-Math-28-Cardumen.patch,D_unassessed,OK
patch5-Math-63-Cardumen.patch,D_unassessed,OK
patch1-Math-95-Cardumen.patch,D_unassessed,OK
patch6-Math-49-Cardumen.patch,D_unassessed,OK
patch3-Math-2-Cardumen.patch,D_unassessed,OK
patch5-Math-2-Cardumen.patch,D_unassessed,OK
patch2-Math-82-Cardumen.patch,D_unassessed,OK
patch1-Math-32-Cardumen.patch,D_unassessed,OK
patch1-Math-88-Cardumen.patch,D_unassessed,OK
patch5-Math-57-Cardumen.patch,D_unassessed,OK
patch2-Math-62-Cardumen.patch,D_unassessed,OK
patch5-Math-50-Cardumen.patch,D_unassessed,OK
patch4-Math-88-Cardumen.patch,D_unassessed,OK
patch5-Math-97-Cardumen.patch,D_unassessed,OK
patch2-Math-104-Cardumen.patch,D_unassessed,OK
patch4-Math-18-Cardumen.patch,D_unassessed,OK
patch4-Math-5-Cardumen.patch,D_unassessed,OK
patch3-Math-20-Cardumen.patch,D_unassessed,OK
patch4-Math-50-Cardumen.patch,D_unassessed,OK
patch2-Math-95-Cardumen.patch,D_unassessed,OK
patch2-Math-57-Cardumen.patch,D_unassessed,OK
patch1-Math-2-Cardumen.patch,D_unassessed,OK
patch1-Math-46-Cardumen.patch,D_unassessed,OK
patch2-Math-18-Cardumen.patch,D_unassessed,OK
patch4-Math-81-Cardumen.patch,D_unassessed,OK
patch2-Math-81-Cardumen.patch,D_unassessed,OK
patch5-Math-82-Cardumen.patch,D_unassessed,OK
patch3-Math-79-Cardumen.patch,D_unassessed,OK
patch5-Math-81-Cardumen.patch,D_unassessed,OK
patch2-Math-40-Cardumen.patch,D_unassessed,OK
patch2-Math-84-Cardumen.patch,D_unassessed,OK
patch5-Math-40-Cardumen.patch,D_unassessed,OK
patch3-Math-57-Cardumen.patch,D_unassessed,OK
patch1-Math-105-Cardumen.patch,D_unassessed,OK
patch4-Math-95-Cardumen.patch,D_unassessed,OK
patch4-Math-30-Cardumen.patch,D_unassessed,OK
patch4-Math-60-Cardumen.patch,D_unassessed,OK
patch3-Math-30-Cardumen.patch,D_unassessed,OK
patch3-Math-46-Cardumen.patch,D_unassessed,OK
patch2-Math-60-Cardumen.patch,D_unassessed,OK
patch4-Math-84-Cardumen.patch,D_unassessed,OK
patch5-Math-41-Cardumen.patch,D_unassessed,OK
patch3-Math-8-Cardumen.patch,D_unassessed,OK
patch3-Math-49-Cardumen.patch,D_unassessed,OK
patch5-Math-78-Cardumen.patch,D_unassessed,OK
patch1-Math-60-Cardumen.patch,D_unassessed,OK
patch4-Math-78-Cardumen.patch,D_unassessed,OK
patch2-Math-50-Cardumen.patch,D_unassessed,OK
patch1-Math-69-Cardumen.patch,D_unassessed,OK
patch1-Math-85-Cardumen.patch,D_unassessed,OK
patch5-Math-60-Cardumen.patch,D_unassessed,OK
patch5-Math-84-Cardumen.patch,D_unassessed,OK
patch5-Math-46-Cardumen.patch,D_unassessed,OK
patch2-Math-80-Cardumen.patch,D_unassessed,OK
patch2-Math-97-Cardumen.patch,D_unassessed,OK
patch2-Math-88-Cardumen.patch,D_unassessed,OK
patch4-Math-85-Cardumen.patch,D_unassessed,OK
patch1-Math-49-Cardumen.patch,D_unassessed,OK
patch1-Math-30-Cardumen.patch,D_unassessed,OK
patch4-Math-28-Cardumen.patch,D_unassessed,OK
patch3-Math-88-Cardumen.patch,D_unassessed,OK
patch3-Math-105-Cardumen.patch,D_unassessed,OK
patch2-Math-28-Cardumen.patch,D_unassessed,OK
patch4-Math-80-Cardumen.patch,D_unassessed,OK
patch1-Math-50-Cardumen.patch,D_unassessed,OK
patch2-Math-79-Cardumen.patch,D_unassessed,OK
patch5-Math-85-Cardumen.patch,D_unassessed,OK
patch2-Math-30-Cardumen.patch,D_unassessed,OK
patch3-Math-82-Cardumen.patch,D_unassessed,OK
patch3-Math-41-Cardumen.patch,D_unassessed,OK
patch5-Math-80-Cardumen.patch,D_unassessed,OK
patch2-Math-2-Cardumen.patch,D_unassessed,OK
patch1-Math-62-Cardumen.patch,D_unassessed,OK
patch5-Math-28-Cardumen.patch,D_unassessed,OK
patch3-Math-84-Cardumen.patch,D_unassessed,OK
patch1-Math-97-Cardumen.patch,D_unassessed,OK
patch2-Math-32-Cardumen.patch,D_unassessed,OK
patch4-Math-49-Cardumen.patch,D_unassessed,OK
patch5-Math-88-Cardumen.patch,D_unassessed,OK
patch2-Math-8-Cardumen.patch,D_unassessed,OK
patch3-Math-40-Cardumen.patch,D_unassessed,OK
patch1-Math-8-Cardumen.patch,D_unassessed,OK
patch1-Math-74-Cardumen.patch,D_unassessed,OK
patch4-Math-63-Cardumen.patch,D_unassessed,OK
patch1-Math-58-Cardumen.patch,D_unassessed,OK
patch2-Math-46-Cardumen.patch,D_unassessed,OK
patch2-Math-73-Cardumen.patch,D_unassessed,OK
patch3-Math-85-Cardumen.patch,D_unassessed,OK
patch4-Math-41-Cardumen.patch,D_unassessed,OK
patch2-Math-69-Cardumen.patch,D_unassessed,OK
patch4-Math-8-Cardumen.patch,D_unassessed,OK
patch2-Math-105-Cardumen.patch,D_unassessed,OK
patch2-Math-74-Cardumen.patch,D_unassessed,OK
patch4-Math-97-Cardumen.patch,D_unassessed,OK
patch2-Math-85-Cardumen.patch,D_unassessed,OK
patch5-Math-20-Cardumen.patch,D_unassessed,OK
patch1-Math-57-Cardumen.patch,D_unassessed,OK
patch2-Math-70-Cardumen.patch,D_unassessed,OK
patch4-Math-70-Cardumen.patch,D_unassessed,OK
patch1-Math-70-Cardumen.patch,D_unassessed,OK
patch1-Math-79-Cardumen.patch,D_unassessed,OK
patch3-Math-95-Cardumen.patch,D_unassessed,OK
patch1-Math-40-Cardumen.patch,D_unassessed,OK
patch1-Math-63-Cardumen.patch,D_unassessed,OK
patch1-Math-82-Cardumen.patch,D_unassessed,OK
patch4-Math-40-Cardumen.patch,D_unassessed,OK
patch3-Math-70-Cardumen.patch,D_unassessed,OK
patch1-Math-41-Cardumen.patch,D_unassessed,OK
patch1-Lang-22-JGenProg2017.patch,D_unassessed,OK
patch2-Lang-27-JGenProg2017.patch,D_unassessed,OK
patch3-Lang-7-JGenProg2017.patch,D_unassessed,OK
patch3-Lang-22-JGenProg2017.patch,D_unassessed,OK
patch2-Lang-22-JGenProg2017.patch,D_unassessed,OK
patch1-Lang-24-JGenProg2017.patch,D_unassessed,OK
patch1-Lang-27-JGenProg2017.patch,D_unassessed,OK
patch3-Lang-39-JGenProg2017.patch,D_unassessed,OK
patch4-Lang-7-JGenProg2017.patch,D_unassessed,OK
patch1-Lang-7-JGenProg2017.patch,D_unassessed,OK
patch2-Lang-39-JGenProg2017.patch,D_unassessed,OK
patch5-Lang-7-JGenProg2017.patch,D_unassessed,OK
patch1-Lang-10-JGenProg2017.patch,D_unassessed,OK
patch2-Lang-7-JGenProg2017.patch,D_unassessed,OK
patch1-Lang-39-JGenProg2017.patch,D_unassessed,OK
patch2-Time-4-JGenProg2017.patch,D_unassessed,OK
patch2-Time-11-JGenProg2017.patch,D_unassessed,OK
patch3-Time-4-JGenProg2017.patch,D_unassessed,OK
patch1-Time-11-JGenProg2017.patch,D_unassessed,OK
patch5-Time-4-JGenProg2017.patch,D_unassessed,OK
patch4-Time-11-JGenProg2017.patch,D_unassessed,OK
patch5-Time-11-JGenProg2017.patch,D_unassessed,OK
patch1-Time-4-JGenProg2017.patch,D_unassessed,OK
patch3-Time-11-JGenProg2017.patch,D_unassessed,OK
patch4-Time-4-JGenProg2017.patch,D_unassessed,OK
